date,positive
3/2/2020,0
3/4/2020,1
3/3/2020,1
3/5/2020,3
3/6/2020,25
3/7/2020,36
3/8/2020,60
3/9/2020,88
3/10/2020,151
3/11/2020,195
3/12/2020,251
3/13/2020,353
3/14/2020,517
3/15/2020,648
3/16/2020,942
3/17/2020,1374
3/18/2020,2383
3/19/2020,4152
3/20/2020,7102
3/21/2020,10356
3/22/2020,15168
3/23/2020,20875
3/24/2020,25665
3/25/2020,30810
3/26/2020,37258
3/27/2020,44637
3/28/2020,52318
3/29/2020,59513
3/30/2020,66497
3/31/2020,75795
4/1/2020,83712
4/2/2020,92381
4/3/2020,102863
4/4/2020,113704
4/5/2020,122031
4/6/2020,130689
4/7/2020,138863
4/8/2020,149316
4/9/2020,159937
4/10/2020,170512
4/11/2020,180458
4/12/2020,188694
4/13/2020,195031
4/14/2020,202208
4/15/2020,213779
4/16/2020,222284
4/17/2020,229642
4/18/2020,236732
4/19/2020,242786
4/20/2020,247512
4/21/2020,251690
4/22/2020,257216
4/23/2020,263460
4/24/2020,271590
4/25/2020,282143
4/26/2020,288045
4/27/2020,291996
4/28/2020,295106
4/29/2020,299691
4/30/2020,304372
5/1/2020,308314
5/2/2020,312977
5/3/2020,316415
5/4/2020,318953
5/5/2020,321192
5/6/2020,323978
5/7/2020,327469
5/8/2020,330407
5/9/2020,333122
5/10/2020,335395
5/11/2020,337055
5/12/2020,338485
5/13/2020,340661
5/14/2020,343051
5/15/2020,345813
5/16/2020,348232
5/17/2020,350121
5/18/2020,351371
5/19/2020,352845
5/20/2020,354370
5/21/2020,356458
5/22/2020,358154
5/23/2020,359926
5/24/2020,361515
5/25/2020,362764
5/26/2020,363836
5/27/2020,364965
5/28/2020,366733
5/29/2020,368284
5/30/2020,369660
5/31/2020,370770
6/1/2020,371711
6/2/2020,373040
6/3/2020,374085
6/4/2020,375133
6/5/2020,376208
6/6/2020,377316
6/7/2020,378097
6/8/2020,378799
6/9/2020,379482
6/10/2020,380156
6/11/2020,380892
6/12/2020,381714
6/13/2020,382630
6/14/2020,383324
6/15/2020,383944
6/16/2020,384575
6/17/2020,385142
6/18/2020,385760
6/19/2020,386556
6/20/2020,387272
6/21/2020,387936
6/22/2020,388488
6/23/2020,389085
6/24/2020,389666
6/25/2020,390415
6/26/2020,391220
6/27/2020,391923
6/28/2020,392539
6/29/2020,392930
6/30/2020,393454
7/1/2020,394079
7/2/2020,394954
7/3/2020,395872
7/4/2020,396598
7/5/2020,397131
7/6/2020,397649
7/7/2020,398237
7/8/2020,398929
7/9/2020,399513
7/10/2020,400299
7/11/2020,401029
7/12/2020,401706
7/13/2020,402263
7/14/2020,403175
7/15/2020,404006
7/16/2020,404775
7/17/2020,405551
7/18/2020,406305
7/19/2020,406807
7/20/2020,407326
7/21/2020,408181
7/22/2020,408886
7/23/2020,409697
7/24/2020,410450
7/25/2020,411200
7/26/2020,411736
7/27/2020,412344
7/28/2020,412878
7/29/2020,413593
7/30/2020,414370
7/31/2020,415014
8/1/2020,415767
8/2/2020,416298
8/3/2020,416843
8/4/2020,417589
8/5/2020,418225
8/6/2020,418928
8/7/2020,419642
8/8/2020,420345
8/9/2020,420860
8/10/2020,421336
8/11/2020,422003
8/12/2020,422703
8/13/2020,423440
8/14/2020,424167
8/15/2020,424901
8/16/2020,425508
8/17/2020,425916
8/18/2020,426571
8/19/2020,427202
8/20/2020,427803
8/21/2020,428512
8/22/2020,429165
8/23/2020,429737
8/24/2020,430145
8/25/2020,430774
8/26/2020,431340
8/27/2020,432131
8/28/2020,432767
8/29/2020,433402
8/30/2020,434100
8/31/2020,434756
9/1/2020,435510
9/2/2020,436218
9/3/2020,437107
9/4/2020,437971
9/5/2020,438772
9/6/2020,439501
9/7/2020,440021
9/8/2020,440578
9/9/2020,441154
9/10/2020,441911
9/11/2020,442791
9/12/2020,443640
9/13/2020,444365
9/14/2020,444948
9/15/2020,445714
9/16/2020,446366
9/17/2020,447262
9/18/2020,448052
9/19/2020,449038
9/20/2020,449900
9/21/2020,450473
9/22/2020,451227
9/23/2020,451892
9/24/2020,452847
9/25/2020,453755
9/26/2020,454760
9/27/2020,455626
9/28/2020,456460
9/29/2020,457649
9/30/2020,458649
10/1/2020,460031
10/2/2020,461629
10/3/2020,463360
10/4/2020,464582
10/5/2020,465515
10/6/2020,466908
10/7/2020,468268
10/8/2020,470104
10/9/2020,471696
10/10/2020,473143
10/11/2020,474286
10/12/2020,475315
10/13/2020,476708
10/14/2020,477940
10/15/2020,479400
10/16/2020,481107
10/17/2020,482891
10/18/2020,484281
10/19/2020,485279
10/20/2020,486480
10/21/2020,488506
10/22/2020,490134
10/23/2020,491771
10/24/2020,493832
10/25/2020,495464
10/26/2020,496655
10/27/2020,498646
10/28/2020,500677
10/29/2020,503176
10/30/2020,505431
10/31/2020,507480
11/1/2020,509735
11/2/2020,511368
11/3/2020,513689
11/4/2020,515815
11/5/2020,518812
11/6/2020,522021
11/7/2020,525608
11/8/2020,529036
11/9/2020,532180
11/10/2020,536145
11/11/2020,540965
11/12/2020,545762
11/13/2020,551163
11/14/2020,556551
11/15/2020,560200
11/16/2020,563690
11/17/2020,568778
11/18/2020,574072
11/19/2020,579382
11/20/2020,584850
11/21/2020,590822
11/22/2020,596214
11/23/2020,602120
11/24/2020,607001
11/25/2020,613266
11/26/2020,620199
11/27/2020,628375
11/28/2020,634438
11/29/2020,641161
11/30/2020,647980
12/1/2020,655265
12/2/2020,664238
12/3/2020,674093
12/4/2020,685364
12/5/2020,696125
12/6/2020,705827
12/7/2020,713129
12/8/2020,722464
12/9/2020,733064
12/10/2020,743242
12/11/2020,753837
12/12/2020,764966
12/13/2020,775160
12/14/2020,784204
12/15/2020,794557
12/16/2020,804555
12/17/2020,815469
12/18/2020,828166
12/19/2020,838085
12/20/2020,848042
12/21/2020,857049
12/22/2020,866765
12/23/2020,878702
12/24/2020,891270
12/25/2020,903716
12/26/2020,914522
12/27/2020,922145
12/28/2020,932552
12/29/2020,943990
12/30/2020,957412
12/31/2020,974214
1/1/2021,990711
1/2/2021,1005785
1/3/2021,1017153
1/4/2021,1028362
1/5/2021,1041028
1/6/2021,1057676
1/7/2021,1075312
1/8/2021,1094144
1/9/2021,1111087
1/10/2021,1126442
1/11/2021,1140156
1/12/2021,1155370
1/13/2021,1169947
1/14/2021,1183608
1/15/2021,1203550
1/16/2021,1219548
1/17/2021,1233390
1/18/2021,1245575
1/19/2021,1258087
1/20/2021,1271451
1/21/2021,1285337
1/22/2021,1300481
1/23/2021,1314267
1/24/2021,1326987
1/25/2021,1338990
1/26/2021,1350054
1/27/2021,1361082
1/28/2021,1374480
1/29/2021,1387059
1/30/2021,1399863
1/31/2021,1410656
2/1/2021,1419164
2/2/2021,1427379
2/3/2021,1433304
2/4/2021,1440718
2/5/2021,1449495
2/6/2021,1460747
2/7/2021,1470772
2/8/2021,1479220
2/9/2021,1487086
2/10/2021,1494187
2/11/2021,1504286
2/12/2021,1512690
2/13/2021,1521453
2/14/2021,1529769
2/15/2021,1536134
2/16/2021,1542887
2/17/2021,1548979
2/18/2021,1555773
2/19/2021,1564483
2/20/2021,1572175
2/21/2021,1578785
2/22/2021,1584931
2/23/2021,1591585
2/24/2021,1597774
2/25/2021,1606520
2/26/2021,1614724
2/27/2021,1622865
2/28/2021,1630445
3/1/2021,1636680
3/2/2021,1642480
3/3/2021,1650184
3/4/2021,1657777
3/5/2021,1666733
3/6/2021,1674380
3/7/2021,1681169
